{
    "beauty": {
        "beauty": {
            "sample128_valsample600_lr1e-4_valauc": {
                "42": {
                    "128": {
                        "auc": 0.6712516350555917,
                        "bertscore": 0.6298866822818915
                    }
                }
            }
        }
    }
}