{
    "movie": {
        "movie": {
            "sample256_valsample1500_lr4e-5_predfirst_valauc": {
                "42": {
                    "256": {
                        "auc": 0.7400734759643341,
                        "bertscore": 0.7187280273834864
                    }
                }
            }
        }
    }
}