{
    "beauty": {
        "beauty": {
            "sample256_valsample600_lr1e-4_valauc": {
                "42": {
                    "256": {
                        "auc": 0.7681286788750817,
                        "bertscore": 0.6909070282677809
                    }
                }
            }
        }
    }
}