{
    "fashion": {
        "fashion": {
            "sample256_valsample800_lr1e-4_valauc": {
                "42": {
                    "256": {
                        "auc": 0.7204079631264098,
                        "bertscore": 0.6948636060953141
                    }
                }
            }
        }
    }
}