{
    "beauty": {
        "beauty": {
            "sample64_valsample600_lr1e-4_valauc": {
                "42": {
                    "64": {
                        "auc": 0.5454545454545454,
                        "bertscore": 0.6176991184055806
                    }
                }
            }
        }
    }
}