{
    "fashion": {
        "fashion": {
            "sample128_valsample800_lr1e-4_valauc": {
                "42": {
                    "128": {
                        "auc": 0.701504406640705,
                        "bertscore": 0.687810191065073
                    }
                }
            }
        }
    }
}