{
    "movie": {
        "movie": {
            "sample128_valsample3000_lr3e-5_r4_auc_loss": {
                "42": {
                    "128": {
                        "auc": 0.5366891445774374,
                        "auc_binary": 0.5351115768559798,
                        "bertscore": 0.6752612953583399
                    }
                }
            }
        }
    }
}