{
    "movie": {
        "movie": {
            "sample256_valsample3000_lr3e-5_val_loss": {
                "42": {
                    "256": {
                        "auc": 0.6098523969034696,
                        "bertscore": 0.7096557607452074
                    }
                }
            }
        }
    }
}