{
    "movie": {
        "movie": {
            "sample128_valsample3000_lr3e-5_eval_loss": {
                "42": {
                    "128": {
                        "auc": 0.6401917643923241,
                        "bertscore": 0.7160273647904396
                    }
                }
            }
        }
    }
}