{
    "beauty": {
        "beauty": {
            "sample256_valsample600_lr1e-4_valauc": {
                "42": {
                    "256": {
                        "auc": 0.8105089557847273,
                        "bertscore": 0.726132046977679
                    }
                }
            }
        }
    }
}