{
    "movie": {
        "movie": {
            "sample256_valsample3000_r16_epoch50_stratified_eval_loss": {
                "42": {
                    "256_stratified": {
                        "auc": 0.6524841296762939,
                        "bertscore": 0.6975664070248604
                    }
                }
            }
        }
    }
}