{
    "fashion": {
        "fashion": {
            "sample256_valsample800_lr1e-4_valauc": {
                "42": {
                    "256": {
                        "auc": 0.7356179544988728,
                        "bertscore": 0.6661577016487717
                    }
                }
            }
        }
    }
}