{
    "movie": {
        "movie": {
            "sample4096_valsample3000_epoch3_eval_loss": {
                "42": {
                    "4096": {
                        "auc": 0.6070849334900175,
                        "bertscore": 0.7003996037244796
                    }
                }
            }
        }
    }
}