{
    "movie": {
        "movie": {
            "sample64_valsample1500_lr4e-5_wo_profile_valauc": {
                "42": {
                    "64": {
                        "auc": 0.5262267369727047,
                        "bertscore": 0.6706826233267784
                    }
                }
            }
        }
    }
}