{
    "fashion": {
        "fashion": {
            "sample_64": {
                "42": {
                    "64": 0.652990952711296
                }
            },
            "sample_128": {
                "42": {
                    "128": 0.6284830616256214
                }
            },
            "sample_256": {
                "42": {
                    "256": 0.6253558937449417
                }
            }
        }
    }
}