{
    "fashion": {
        "fashion": {
            "sample_64": {
                "0": {
                    "64": 0.6529210920337611
                }
            },
            "sample_128": {
                "0": {
                    "128": 0.7049391548155856
                }
            },
            "sample_256": {
                "0": {
                    "256": 0.7525669875130072
                }
            }
        }
    }
}