{
    "fashion": {
        "fashion": {
            "sample_64": {
                "0": {
                    "64": 0.434038617181177
                }
            },
            "sample_128": {
                "0": {
                    "128": 0.4559631171233669
                }
            }
        }
    }
}