{
    "movie": {
        "movie": {
            "sample128_valsample3000_lr3e-5_auc_loss": {
                "42": {
                    "128": {
                        "auc": 0.5830916692915293,
                        "auc_binary": 0.56804552723396,
                        "bertscore": 0.7097292453447978
                    }
                }
            }
        }
    }
}