{
    "movie": {
        "movie": {
            "sample128_valsample1500_lr4e-5_predfirst_valauc": {
                "42": {
                    "128": {
                        "auc": 0.6904802287264973,
                        "bertscore": 0.7189915547966957
                    }
                }
            }
        }
    }
}