{
    "beauty": {
        "beauty": {
            "sample256_valsample600_lr4e-5_valauc": {
                "42": {
                    "256": {
                        "auc": 0.46451929365598427,
                        "bertscore": 0.6272269742687543
                    }
                }
            }
        }
    }
}