{
    "fashion": {
        "fashion": {
            "sample64_valsample800_lr1e-4_valauc": {
                "42": {
                    "64": {
                        "auc": 0.6554088952654232,
                        "bertscore": 0.676692143753171
                    }
                }
            }
        }
    }
}