{
    "fashion": {
        "fashion": {
            "sample128_valsample800_lr1e-4_valauc": {
                "42": {
                    "128": {
                        "auc": 0.6999934621293844,
                        "bertscore": 0.7007160152494908
                    }
                }
            }
        }
    }
}