{
    "beauty": {
        "beauty": {
            "sample_256": {
                "0": {
                    "256": 0.748854961832061
                }
            },
            "sample_128": {
                "0": {
                    "128": 0.6876772082878954
                }
            },
            "sample_64": {
                "0": {
                    "64": 0.6836423118865868
                }
            }
        }
    }
}