{
    "fashion": {
        "fashion": {
            "sample_256": {
                "42": {
                    "256": 0.7018811341330425
                }
            },
            "sample_128": {
                "42": {
                    "128": 0.6085605234460196
                }
            }
        }
    }
}