{
    "beauty": {
        "beauty": {
            "sample64_valsample600_lr1e-4_valauc": {
                "42": {
                    "64": {
                        "auc": 0.8013444115068264,
                        "bertscore": 0.7190413095553716
                    }
                }
            }
        }
    }
}