{
    "fashion": {
        "fashion": {
            "checkpoint-576": {
                "42": {
                    "256": {
                        "auc": 0.6435376101660175,
                        "bertscore": 0.678137483149767
                    }
                }
            }
        }
    }
}