{
    "movie": {
        "movie": {
            "sample256_valsample3000_epoch50_stratified_eval_loss": {
                "42": {
                    "256_stratified": {
                        "auc": 0.6963046981004071,
                        "bertscore": 0.7071397902170817
                    }
                }
            }
        }
    }
}