{
    "fashion": {
        "fashion": {
            "sample128_valsample800_lr1e-4_valauc": {
                "42": {
                    "128": {
                        "auc": 0.6797499487599918,
                        "bertscore": 0.6636464516445995
                    }
                }
            }
        }
    }
}