{
    "movie": {
        "movie": {
            "sample256_valsample1500_lr3e-4_predfirst_valauc": {
                "42": {
                    "256": {
                        "auc": 0.694509822034309,
                        "bertscore": 0.696087097287178
                    }
                }
            }
        }
    }
}