{
    "beauty": {
        "beauty": {
            "sample64_valsample600_lr1e-4_valauc": {
                "42": {
                    "64": {
                        "auc": 0.7410071942446043,
                        "bertscore": 0.6857308094203473
                    }
                }
            }
        }
    }
}