{
    "beauty": {
        "beauty": {
            "sample128_valsample600_lr1e-4_valauc": {
                "42": {
                    "128": {
                        "auc": 0.8481900546950023,
                        "bertscore": 0.7180956284205119
                    }
                }
            }
        }
    }
}