{
    "movie": {
        "movie": {
            "sample_64": {
                "0": {
                    "64": 0.546138324540896
                }
            },
            "sample_128": {
                "0": {
                    "128": 0.6140008883718789
                }
            },
            "sample_256": {
                "0": {
                    "256": 0.6588487150065896
                }
            }
        }
    }
}