{
    "movie": {
        "movie": {
            "sample_64": {
                "0": {
                    "64": 0.5191114810145967
                }
            },
            "sample_128": {
                "0": {
                    "128": 0.586308372014777
                }
            },
            "sample_256": {
                "0": {
                    "256": 0.6670892204189742
                }
            }
        }
    }
}