{
    "movie": {
        "movie": {
            "sample64_valsample3000_lr3e-5_val_loss": {
                "42": {
                    "64": {
                        "auc": 0.5977342387090522,
                        "bertscore": 0.7190274335741996
                    }
                }
            }
        }
    }
}