{
    "movie": {
        "movie": {
            "sample64_valsample1500_lr4e-5_predfirst_valauc": {
                "42": {
                    "64": {
                        "auc": 0.6043443496801706,
                        "bertscore": 0.7195614424546559
                    }
                }
            }
        }
    }
}