{
    "beauty": {
        "beauty": {
            "sample64_valsample600_lr1e-4_valauc": {
                "42": {
                    "64": {
                        "auc": 0.6506294964028778,
                        "bertscore": 0.6569670538107554
                    }
                }
            }
        }
    }
}