{
    "fashion": {
        "fashion": {
            "sample256_valsample800_lr1e-4_valauc": {
                "42": {
                    "256": {
                        "auc": 0.5991883582701373,
                        "bertscore": 0.6472324772179127
                    }
                }
            }
        }
    }
}