{
    "beauty": {
        "beauty": {
            "sample256_valsample600_lr1e-4_valauc": {
                "42": {
                    "256": {
                        "auc": 0.7923070634401568,
                        "bertscore": 0.6640254691739877
                    }
                }
            }
        }
    }
}