{
    "beauty": {
        "beauty": {
            "sample128_valsample600_lr1e-4_valauc": {
                "42": {
                    "128": {
                        "auc": 0.7407210595160236,
                        "bertscore": 0.6827495011687279
                    }
                }
            }
        }
    }
}