{
    "beauty": {
        "beauty": {
            "sample128_valsample600_lr1e-4_valauc": {
                "42": {
                    "128": {
                        "auc": 0.7682921844342707,
                        "bertscore": 0.6870671106874943
                    }
                }
            }
        }
    }
}