{
    "fashion": {
        "fashion": {
            "sample64_valsample800_lr1e-4_valauc": {
                "42": {
                    "64": {
                        "auc": 0.6266161098585776,
                        "bertscore": 0.6808675178512931
                    }
                }
            }
        }
    }
}