{
    "beauty": {
        "beauty": {
            "sample256_valsample600_lr4e-5_valauc": {
                "42": {
                    "256": {
                        "auc": 0.7312581752779594,
                        "bertscore": 0.6801032209396363
                    }
                }
            }
        }
    }
}